"","pathway","pval","padj","log2err","ES","NES","size","leadingEdge"
"1","HALLMARK_INTERFERON_GAMMA_RESPONSE",8.2576038819399e-18,1.23864058229098e-16,1.0864405425825,0.727008580648369,2.30891211817158,86,"CXCL10 RSAD2 IFIT3 ISG15 IFIT2 ZBP1 ISG20 XAF1 IFITM3 PARP14 HERC6 IRF7 USP18 PSMB8 DDX60 OASL1 BST2 RTP4 IL18BP OAS3 STAT1 IRF1 CCL5 H2-T23 GBP3 DDX58 PSMB9 CD74 LY6E PSME2 CMPK2 TRAFD1 PSME1 EPSTI1 NAMPT RNF213 B2M STAT2 CD274 H2-EB1 PSMB10 TAPBP SAMHD1 SPPL2A SOCS1 SAMD9L TAP1 NMI H2-Q7 IFIH1 SLAMF7 OGFR IFI35 IFIT1BL1 FGL2 CASP4 EIF2AK2 SP110 IRF2 ZNFX1 FCGR1 OAS2 IL15RA"
"2","HALLMARK_INTERFERON_ALPHA_RESPONSE",1.51436087166071e-11,1.13577065374553e-10,0.863415391606693,0.697653829358841,2.17756307707948,66,"CXCL10 RSAD2 IFIT3 GBP2 ISG15 IFIT2 ISG20 IFITM3 PARP14 HERC6 IRF7 USP18 PSMB8 DDX60 OASL1 BST2 RTP4 IRF1 H2-T23 GBP3 PSMB9 CD74 LY6E PSME2 CMPK2 TRAFD1 PSME1 TMEM140 EPSTI1 TENT5A B2M STAT2 SAMD9L TAP1 NMI H2-Q7 IFIH1 TRIM12C OGFR IFI35 SELL OAS1A EIF2AK2 SP110 IRF2"
"3","HALLMARK_ALLOGRAFT_REJECTION",0.0045753858030282,0.0171576967613558,0.407017918923954,0.581538616830677,1.63814725585434,27,"GBP2 IRF7 STAT1 CCL5 H2-T23 CD74 B2M PSMB10 CTSS TAPBP SOCS1 TAP1 H2-Q7 TAP2 CCL4 H2-D1"
"4","HALLMARK_INFLAMMATORY_RESPONSE",0.05870236869207,0.17610710607621,0.186432558434075,0.489086776625106,1.39505767612916,29,"CXCL10 IRF7 BST2 RTP4 IRF1 CCL5 LY6E NAMPT TAPBP NMI CYBB SELL EIF2AK2"
"5","HALLMARK_MYC_TARGETS_V1",5.85941882967724e-06,2.92970941483862e-05,0.610526878385931,-0.828369322028968,-2.98014416531571,10,"PABPC1 EIF4A1 NME1 SNRPG LDHA SSBP1 RPS2 RPL18"
